iso3,gdp_per_capita,gdp_growth,inflation,unemployment,population,population_growth,birth_rate,death_rate,life_expectancy,fertility_rate,internet_users,electricity_access,urban_population_pct,gdp_current_usd,literacy_rate,secondary_enrollment,physicians_per_1000,industry_value_added_pct,agriculture_value_added_pct
AFE,1679.32762166466,3.72271692296214,10.8834775726018,7.86947018999245,731821393,2.59275445199729,33.3204330526369,7.24516294858983,64.4870195456608,4.28703336709338,26.8,48.8012579607658,37.3605781096471,1228967879390.01,73.0559768676758,45.2816200256348,0.243384946439894,26.3210526613761,14.1855226450872
AFW,2138.47315259913,4.47279468511532,7.94925143524016,3.59335356570127,497387180,2.33227039388145,33.7514190226375,10.3375867292438,57.9878133945189,4.56335400847357,37.5,55.6866829669796,51.6816941134779,1063649130876.99,60.7809791564941,45.6372985839844,0.258635594198467,23.0816586357113,25.3717465088187
ARB,7950.35581975672,7.00775934349392,5.17980847967061,9.74413095599936,471352066,2.29741398218854,23.5428272158261,5.19978525681961,71.8760955992222,3.10776674481051,,90.6545179070033,59.3339325148117,3747416641077.46,78.2719268798828,69.4561386108398,1.1767238952236,48.6378194883718,4.33056895649595
CSS,17456.3084845676,14.8851030062619,5.82838638517959,8.29867755889038,4497310,0.404234861975181,14.3615631877722,7.97362341421872,72.8322921090607,1.83848523008097,,98.3064221501297,50.1314448681558,78506430710.7309,,84.883918762207,2.52508013216043,36.151204786258,3.32157532858077
CEB,19530.1553232172,4.04227221314891,14.6081439492433,3.96540582731722,100071871,-0.13367547636684,8.85454642893606,13.2665575114509,76.6522987292583,1.49394411075471,,100.0,61.5935240282645,1954419184114.96,99.4799194335938,100.121192932129,3.90795171540262,27.3806317184565,2.93065631646351
EAR,4043.82776331568,6.02119005770159,7.19861615609867,5.64296814018676,3470644834,1.11896236573035,18.7811907615742,6.44398260049446,71.4304552508694,2.3189517975754,,95.1575744950744,46.6969243405166,14034689936337.3,81.2427978515625,77.2122268676758,1.02202255025474,35.0333114712033,10.8304142359088
EAS,13139.2109813612,2.9996184966993,5.34595440908904,4.10032254258298,2379617118,0.189259906183258,9.33082809099838,7.67559522668596,76.6767167147452,1.36272811190401,82.4,98.2139059282726,63.6828244393002,31266291368260.6,96.3631210327148,91.2770309448242,2.39850920121295,34.9268472299649,5.79463585842321
EAP,10106.9935977814,3.54811147025219,5.37734908193985,4.23491194246921,2133560408,0.234938160938111,9.63847112856389,7.3722086936378,75.9325409436903,1.38552648865081,81.6,98.0273720891056,60.8593968560328,21563881384135.8,96.5920104980469,90.1883010864258,2.35417104796866,37.9192668938292,7.78071122818702
TEA,10220.4774431567,3.54808390633295,5.40874375479067,4.24711639501186,2107261123,0.23329577316355,9.59471687740523,7.3458586097443,75.9610347461336,1.38038247288067,82.3,98.5687468444318,60.8301827838521,21537214774462.6,96.5491409301758,90.1412811279297,2.3382424600285,37.9128570851469,7.76761964475469
EMU,41608.7123275598,3.6592192433758,8.47117645590892,6.77735729230381,348200155,0.285577850321034,8.58623493766107,11.2007522268622,81.6232025628471,1.44288706498202,,100.0,77.1544577812445,14488160081806.7,,108.442291259766,4.18889179561968,22.3269795807324,1.58314054698227
ECS,27913.5882331645,3.39087777130349,11.1136121878761,5.8461378752333,924234471,-0.0158595443660913,10.4477061791639,10.6451680542934,77.8344787151258,1.61774858492685,87.9,99.9977315530878,73.7292682667978,25798700454390.6,98.7496566772461,103.31950378418,3.89695746074466,24.1726367014579,2.10500682035284
ECA,7266.022431542,3.07901753477167,13.8875841659221,7.71538545377934,250514347,-0.538786451184916,14.6300533746995,8.21752409459806,74.5731684190474,1.99842365385872,82.0,99.9915875475848,68.1628939259503,1820242864725.1,98.9060592651367,99.5128402709961,2.8530317107131,30.8625051524798,7.65455761177535
TEC,11421.1364427001,1.95197902081506,13.8522590144267,5.62584537984402,460942269,-0.467968565667359,11.984680670147,10.4501249509296,74.1883654842503,1.74847147152068,85.2,99.9954427619778,68.9112783282391,5264484546456.79,99.3284683227539,98.0531005859375,3.71843177913449,30.8110750148446,4.8301194234015
EUU,38066.8844892624,3.56155233245134,8.83369886749452,6.16136079316676,447202673,0.218330558317555,8.68805050894676,11.5197667649227,80.7135056290876,1.45656447411585,,100.0,74.7659603902094,17023612496380.4,,107.638740539551,4.15125312082381,22.8657674703213,1.68287493684909
FCS,1850.91743054769,1.62071663646515,9.39075933985203,5.66963973502859,1036390026,1.89778804715376,31.546689024816,8.8287249861019,62.702271566254,4.22091823482488,34.8,57.9458706435872,45.5264138281595,1918272363969.18,67.3155517578125,47.2565994262695,0.52751400922641,,23.0284794621468
HPC,1121.48387311982,4.87387497765388,9.65914753785069,4.43078249558701,893906294,2.6039305560871,34.5847535900894,7.50594972928001,63.8404458555462,4.54630641313522,,48.7171277289384,36.9472479538651,1002501492801.3,65.8665466308594,41.903938293457,0.200202665629356,26.6647458157565,20.9032859446868
IBD,7699.23258826186,3.77001425774095,9.10437983075437,5.56994264084484,4928196300,0.467464056138187,13.0324836440746,7.23597247089975,74.2512624750087,1.73604166305753,74.4,98.9686574577803,57.7552337954716,37943329554311.5,90.1709823608398,88.6169586181641,1.94046412974585,35.2430390174132,7.92182278840715
IBT,6036.81374407089,3.82613307769597,8.81109209279587,5.38641759178597,6794724390,0.917750690506847,17.7987043199994,7.33110740688071,71.677581962506,2.32447750417006,63.0,89.9613796377975,52.8148643869515,41018485584725.7,85.3785705566406,74.3354263305664,1.55107014441075,34.5345751553544,8.89956084954316
IDB,2234.83616206483,4.79819828416285,6.32752007290448,4.74456534673109,651895919,1.96732800737651,30.1488907502825,8.56462495496463,62.1288641416852,3.95818893362032,36.5,77.0721324965067,47.6330129185198,1456880573683.68,68.5359191894531,47.5066413879395,0.765422848110841,22.2405611649752,23.7688459760193
IDX,1332.31730178708,4.30600397002799,9.57337118555953,4.84321749828202,1214632171,2.19662188245943,30.5085891195887,7.05507205715614,66.3600605315493,3.85211805380653,30.7,60.2901358794059,35.5511339217003,1618275456730.5,70.242057800293,49.1855697631836,0.373015488929292,28.8895693928945,18.4257448845152
IDA,1647.52732460307,4.54563835706816,8.21619710967436,4.80770011659382,1866528090,2.11647988754299,30.3829623474667,7.58229228966599,64.8822902939527,3.88843955889292,32.8,66.1569043335558,39.7708012570462,3075156030414.18,69.3554229736328,48.4808082580566,0.511390512085274,25.7378382208979,20.9590741339581
LTE,12286.0846812169,3.28700376545592,8.64091108973855,5.19342173027057,2323799591,0.158140021760577,8.79994735263711,7.81431572087116,76.9543256667468,1.29483420285217,,99.4771148303382,66.5775786046606,28550398557203.3,96.6117477416992,93.5337371826172,2.93965818365123,36.2151811149684,6.28832485779069
LCN,9408.84820249156,4.08489707535256,7.71367726901419,6.93153209123054,653108120,0.594629197549039,14.4233953679951,7.05872057759594,74.6472095421659,1.81208587734194,77.1,98.5788786006825,80.8277327769,6144995160894.64,94.6840972900391,97.0838012695312,2.57421521940574,32.8886249957991,6.63398030325015
LAC,9111.34927084769,3.94705326197962,8.33370630096231,6.88224992720831,585648822,0.644881793607611,14.6557406646828,7.00216169327154,74.4897262626475,1.82575260798187,76.6,98.4626020716217,80.294444140205,5336050967302.51,94.4349365234375,96.8845901489258,2.58485046274083,27.1905672578375,5.781476683018
TLA,9174.55690452428,4.11782588294029,7.8962761916855,7.01556949606688,637837815,0.625181508078684,14.5725229152132,6.98079564680561,74.5684293540859,1.82203190749137,77.3,98.5448799242171,80.8195255101746,5851879329574.93,94.6017074584961,96.9736022949219,2.45380103637718,32.9348330980467,6.88810103055837
LDC,1299.36172423082,4.75099901471464,9.45801281304023,5.05048767454214,1134585604,2.26507402979903,31.6761864741622,7.16145377554517,65.7631857632163,4.0077222718124,28.2,56.7383129284796,35.2589263540141,1474237106700.91,67.5506820678711,47.1495704650879,0.308365019188705,29.4179971708575,18.9062443827452
LMY,5741.78381882952,3.99985001578578,8.48730869535043,5.4501372521796,6437946207,0.930421993883396,17.8295069492503,7.176566532508,71.6849231239061,2.32078133665542,,90.0927677222263,52.6396704057543,36965295357847.5,85.2197799682617,74.0918502807617,1.4874939012268,33.9713736387678,9.19497112117227
MEA,6430.53553485753,6.4465289217368,5.17980847967061,8.23898776216766,782349366,1.9060709844483,23.2159925514372,5.35811738067193,71.6918319737772,3.03344296601144,57.8,95.8637945014964,55.12536380356,5030925398736.26,74.5160675048828,62.4220314025879,1.29878377722747,43.218816823565,5.89098584462715
MNA,3015.7557973385,4.32972249891917,8.30646124447623,8.9382675467404,716508657,1.69604782645998,24.0326916833302,5.60732350870116,71.0055315443397,3.11585080940198,54.1,95.483714372763,52.1693289932022,,,,,,
TMN,3010.19656726913,4.33155082949985,8.78598837999588,8.83598059809406,711465045,1.69089538433865,24.0075800789595,5.6258636704773,70.965432550888,3.11399696821534,53.8,95.4516981935493,51.925275557204,,,,,,
MIC,6248.00962014697,4.00728998415607,8.30646124447623,5.43225929726468,5846464711,0.759184401757075,16.0782465627278,7.09332798947959,72.5172020330295,2.09175049538458,,94.8579251685419,54.2809961716246,36528767758177.8,87.2956771850586,79.2273635864258,1.59618735892324,34.0804884960566,9.03735874419318
NAC,74535.6365392629,2.64058278650343,7.40280048696867,3.83303148633239,373018004,0.703165039262701,10.790749333555,9.67456454575849,77.8327679594239,1.62238294506643,92.6,100.0,80.2778760108654,,,,,,
OED,43950.173710934,3.09501591343316,8.23803240697186,4.99493121590976,1378565677,0.493072946245184,10.2114306223859,9.54450646324847,79.5212545784247,1.54712421028136,,100.0,80.9495516047505,,,,,,
OSS,14320.7706776288,4.35703581894087,7.46811935414937,9.01147513544492,12699005,1.24494821200593,15.7455421949987,8.11695817538461,72.9049248661262,2.06679748542533,,93.9605317818207,54.4367375147273,181859538439.061,86.8639526367188,73.5171127319336,1.82890468087854,22.9596659084884,3.15485993820553
PSS,3896.81060847355,8.46598449677872,6.09871755232029,3.60681620269367,2656049,1.15709923057953,23.618105175394,7.02894372505929,69.1004348993561,3.06729870639623,,85.7923885063867,39.9427900823495,,,,,,
PST,50969.801641014,2.79274034092423,7.87737003690613,4.52601118181449,1117394729,0.0726915141290977,8.9565360959153,10.5941736393138,80.1977878300116,1.44161265388636,,100.0,80.93281887999,,,,,,
PRE,1770.15579032781,4.67657631651602,8.77567482988523,4.97198453165573,1051201551,2.52799513873611,34.6904289948284,8.54648788804631,61.3832880029503,4.62841373246017,,51.1433191693417,44.4479498791233,1860790512304.23,66.9874496459961,44.3046188354492,0.264731280529343,30.0189924618283,19.8743560891727
SST,13636.4661190787,7.43586182979632,6.15375621933037,8.21647080688741,19852364,1.04213937591557,16.4852893809019,7.9389219199789,72.3794678577605,2.14684043316307,70.5,93.8522236444989,51.5222800598785,270716089069.618,87.8255615234375,75.5592727661133,1.8737611859239,26.482416169281,3.76817415936053
SAS,2385.08341896271,7.10115392630797,7.18461996730066,4.86631704704624,1648009565,0.805672047808918,16.7759229680836,6.44240107249924,72.0115731308447,2.01401171309975,54.2,99.0895114731934,34.8137520955194,3930640287773.46,76.8953704833984,79.9404983520508,0.734049151018125,26.3092218083012,15.795939950266
TSA,2385.08341896271,7.10115392630797,7.18461996730066,4.86631704704624,1648009565,0.805672047808918,16.7759229680836,6.44240107249924,72.0115731308447,2.01401171309975,54.2,99.0895114731934,34.8137520955194,3930640287773.46,76.8953704833984,79.9404983520508,0.734049151018125,26.3092218083012,15.795939950266
SSF,1865.11635260699,4.06140756050381,9.45801281304023,6.07875092921414,1229208573,2.48727039207262,33.4948272937338,8.49648186826712,61.8571795894802,4.39651820585481,31.1,51.5873775845362,43.1554770877868,2292617010267.0,68.1527099609375,45.4347686767578,0.249646655931918,24.8176549407583,19.3834436394016
SSA,1963.80330032374,3.98372703715641,9.45801281304023,6.39359936161309,1103704408,2.47025582601609,33.6199414402275,8.76960060462312,61.2833535992957,4.43349107645845,32.7,51.1489934048537,45.4749158289618,2167458359012.26,68.1487503051758,45.4329109191895,0.261259841171875,24.9474247282306,18.3597841272687
TSS,1865.11635260699,4.0614075605038,9.45801281304023,6.07875092921414,1229208573,2.48727039207262,33.4948272937338,8.49648186826712,61.8571795894802,4.3965182058548,31.1,51.5873775845363,43.1554770877868,2292617010267.0,68.1527099609375,45.4347686767578,0.249646655931918,24.8176549407583,19.3834436394016
WLD,12798.1658465319,3.40305483746891,7.98518671835033,5.23426188470581,7989545217,0.867762860278982,16.5575302084666,7.707010667723,72.9682902550636,2.21522779577453,67.0,91.2883104888965,57.0703302851395,102251524725531.0,87.3925170898438,77.5006103515625,1.86069862599317,27.2584810728139,4.29021425382999
AFG,357.261152798144,-6.24017199240269,13.7121023720065,14.1,40578842,1.43570437048699,36.045,5.993,65.617,4.932,17.1917,85.3,25.3939250580909,,,,,,
ALB,7756.96188744253,4.8268006234359,6.7252027153006,10.785,2451636,-1.54315667695786,10.305,8.709,78.769,1.355,82.6137,100.0,57.8643477747383,,,,,,
DZA,4960.30334332888,3.60000000094915,9.26551551551553,12.382,45477389,1.58758210690673,20.491,4.602,76.129,2.817,74.8319,100.0,74.1795862354514,225581644702.568,,104.550270080566,1.66,43.0521306240802,10.6470638553472
ASM,18017.4589383973,1.73501577287065,,,48342,-1.81008765020754,15.522,6.815,72.752,2.305,,,81.794797704649,,,,,,
AND,42414.0479861228,9.56461225648184,,,79705,1.69676808598242,6.85,5.948,84.016,1.071,94.4855,100.0,88.7548766267286,3380611694.73392,,98.5098724365234,5.157,11.1453411041301,0.487491862156614
AGO,3682.1131513698,4.21600258475137,21.3552901320822,14.124,35635029,3.14302612044601,38.102,7.097,64.246,5.209,42.0719,48.5,69.0506188977513,,,,,,
ATG,20105.1989085164,9.10780623385958,7.53107834634288,,92840,0.530270318994476,12.001,6.771,77.483,1.58,77.1648,100.0,24.5114484000414,,,,,,
ARG,13962.1894087223,6.02074537534855,72.430757531824,6.805,45407904,0.210808731072658,10.926,8.797,75.806,1.482,88.3754,100.0,92.112838186126,633993756301.08,,114.14811706543,5.437,24.1118636272911,6.54156940484837
ARM,6571.97445545099,12.5999999997766,8.64091108973855,13.451,2969200,0.2326562627468,12.3,9.0,74.7658536585366,1.7,77.0277,100.0,65.5624462874485,19513506553.1251,99.8199996948242,91.7106609922965,3.36,25.4370966437794,10.1467039255683
ABW,30975.9989121779,10.6364309604414,,,107310,-0.362774222330685,8.527,8.191,76.226,1.615,,99.9,61.8811657924257,,,,,,
AUS,65169.5191118657,4.25304559238732,6.59409671341846,3.728,26018721,1.28931130985537,11.6,7.3,83.2,1.63,97.0424,100.0,87.3343268253813,1695627535475.8,,133.277267456055,4.086,27.4019620848457,2.67242699950618
AUT,52336.7725223758,5.33096379400371,8.5468699318845,4.992,9041851,0.956287797076634,9.1,10.3,81.2951219512195,1.41,93.6141,100.0,68.998085127906,473221298968.216,,101.458000183105,5.432,25.8444683875386,1.34649596457301
AZE,7770.594223351,4.71468033247649,13.8522590144267,5.65,10141756,0.039507866238038,12.1,6.0,74.125,1.67,88.0,100.0,58.4382815854684,78807470588.2353,,90.9530364179442,3.185,56.1467373576856,4.61220830811053
BHS,34957.1613279737,10.8779009410268,5.60540633583044,9.25,397538,0.293483989063331,10.942,8.558,74.491,1.379,94.7326,100.0,81.3200717047725,,,,,,
BHR,30470.5219276023,6.18016125475185,3.62574104304482,1.265,1524693,1.34221960637543,13.282,2.094,80.992,1.839,100.0,100.0,100.0,46458191489.3617,97.870002746582,103.393222951005,,46.3896273702963,0.246160469147506
BGD,2716.48592780431,7.09982877575158,7.69695437176898,4.593,169384897,1.02423384746683,20.583,5.037,74.265,2.179,41.6165,99.4,31.673734726234,460131689083.083,79.0,67.0384586440383,0.717,33.9200804971876,11.2176010351595
BRB,24387.0387293761,17.2264626793379,,7.261,282318,0.0605883465692588,11.249,11.097,75.676,1.712,79.4451,100.0,59.3538514107686,6884900000.0,,104.222328186035,2.958,12.8135484901741,1.44882278609711
BLR,7994.64806074889,-4.65839591328999,15.209675274081,3.574,9228071,-0.804228426880244,8.062,13.246,74.1033658536585,1.326,89.5073,100.0,78.4732787892908,73775179924.603,,99.0602032881737,4.669,33.0290955450834,8.04181871674039
BEL,50605.7496677086,3.9562379757933,9.597511728725,5.57,11680210,0.808165350001861,9.8,10.0,81.7487804878049,1.53,94.0078,100.0,87.489200269855,591085783326.267,,142.918075561523,3.574,20.0021164809193,0.671430411514796
BLZ,7068.21728043145,9.25051329530994,6.27689319447544,8.682,402733,1.85124805102003,17.391,5.409,72.19,1.949,71.8096,98.6,42.1373251262137,2846604350.0,87.879997253418,87.4381668552162,,15.4868338744118,7.74858121747759
BEN,1266.42711031904,6.25294705373625,1.35077863583527,1.685,13759501,2.54740926342667,34.35,8.948,60.475,4.634,30.0134,56.5,50.9627000010887,17425405090.862,51.3800010681152,43.5606498718262,0.19,17.017826707817,26.8966787968124
BMU,121613.939983629,6.47622571186707,,,64749,0.156108751379667,8.183,8.772,82.062,1.397,,100.0,100.0,,,,,,
BTN,3711.32767981591,5.21386783786224,5.6391667139637,5.947,780914,0.703183917780367,12.807,6.143,72.754,1.478,86.2903,100.0,40.9365143617581,2898227743.75576,64.9100036621094,89.9829129407455,0.553,31.8248447380802,14.6710119560904
BOL,4219.46113742445,3.74741781241461,1.74632872945969,3.552,12077154,1.16425907336882,21.566,7.681,67.434,2.584,67.3612,99.9,70.6352598708131,,,,,,
BIH,7655.59421024383,4.22681333390325,14.0208440826771,12.657,3204802,-1.24363802761194,7.748,14.05,76.777,1.481,78.8455,100.0,51.0215287060993,,,,,,
BWA,8328.7090572666,5.48601706446772,11.665567478802,23.615,2439892,1.58848021878269,25.253,5.826,68.749,2.785,80.3696,75.9,66.5889787170477,,,,,,
BRA,9281.33282136864,3.01669435408112,9.28010608956873,9.231,210306415,0.360180890872169,12.555,7.539,74.872,1.629,80.5278,100.0,87.349556243881,1951923832083.87,94.3853874531348,106.031188964844,,22.8194568521446,5.76747490842218
BRN,36632.9280952155,-1.62833154515108,3.68225030604216,5.191,455370,0.804554269312164,13.847,6.559,72.917,1.764,98.9704,100.0,74.7772642014221,,,,,,
BGR,13999.1949530956,4.0838640915123,15.3252589264366,4.148,6465097,-0.650676134087796,8.8,18.4,74.1609756097561,1.78,79.1269,100.0,73.4799164005224,90506153293.6733,,96.6720733642578,4.328,25.3037212349858,3.71136413583789
BFA,827.330843486661,1.62673258211919,14.2902354303358,3.828,22509038,2.30907147387783,32.043,8.135,60.7,4.275,14.6238,19.5,27.2791369742712,18622421394.6133,40.9199981689453,33.6212866168282,0.148,26.0439488959765,20.6297606481805
BDI,302.992505263552,2.31770122223331,18.8008786664945,0.909,13321097,2.70585008916716,34.306,6.997,62.882,4.98,11.0009,10.3,22.3202446002597,,,,,,
CPV,4323.31362032709,15.843675684642,7.93092925430087,12.239,519741,0.596688345869947,12.438,5.004,75.907,1.533,72.7601,97.1,75.033738060849,2247003344.34242,,96.4315940376876,0.718,11.0789238411144,4.95404868851136
KHM,2325.03050040841,5.12990110773977,5.34370264895437,0.245,17201724,1.33088813106016,21.279,6.323,70.528,2.616,59.6606,92.3,40.374616187368,,,,,,
CMR,1604.87726954895,3.7367840056412,6.24767713343861,3.646,27632771,2.62905090961273,34.268,7.673,62.443,4.397,41.775,71.0,54.8458745688318,44347206072.5513,,45.6066724321371,0.136,27.1303593377196,16.5461644132745
CAN,56256.8007264015,4.18903628100851,6.80280115341613,5.279,38935934,1.80390457488184,9.0,8.6,81.2453658536585,1.33,94.0,100.0,82.3500897353968,,,,,,
CYM,93030.7051447803,5.77566708028824,,,71591,2.09324575309515,12.192,4.82,79.984,1.541,,100.0,100.0,,,,,,
CAF,467.359825026238,0.453901876447787,5.58316735183247,6.287,5098039,-0.275432271573156,45.425,55.126,18.818,6.023,,15.7,43.2751967457285,,,,,,
TCD,966.036468278568,4.12969897676332,5.78802687843616,1.081,18455316,3.45668911084691,43.35,11.486,54.528,6.215,12.4865,11.7,25.7635558629694,,,,,,
CHI,67627.1417347907,5.34196140375869,,5.923,167215,0.283869921965387,8.2,10.3,81.0,1.37,,100.0,32.7920439098264,,,,,,
CHL,15405.6165774073,2.15399356192458,11.643866711056,8.249,19553036,0.495789591494285,9.672,7.573,79.176,1.255,93.5377,100.0,88.6395352768685,301226575540.242,,106.068328857422,3.178,31.0330474006021,3.23467925849162
CHN,12970.6056414327,3.1341888719577,1.97357555739051,4.98,1412175000,-0.0130995013525784,6.77,7.37,78.202,1.034,75.6113,100.0,65.2176361083984,,,,,,
COL,6680.44506854481,7.32827729427979,10.1772313546166,10.541,51737944,1.06829295530618,13.731,5.881,76.508,1.663,72.7964,100.0,78.0464633137335,345632492851.448,95.3138834471897,101.573776245117,,26.1230022316952,8.83154473689041
COM,1465.479642862,2.60301031927843,12.5320314570999,3.879,834188,1.93837687010445,29.062,7.3,66.481,3.935,32.7685,89.9,32.7746035528748,,,,,,
COD,687.738587554685,9.31116944064918,,4.54,102396968,3.2234019442495,41.623,8.93,60.979,6.106,29.4996,21.5,44.003287663813,,,,,,
COG,2620.83804267402,1.47535613247133,3.04344334698478,20.131,6035104,2.39665300284304,30.941,6.571,65.0,4.215,37.4939,50.6,63.6422003342807,,,,,,
CRI,13625.9008491328,4.55149177958398,8.27477490232654,11.325,5081765,0.429453043658398,10.319,6.106,79.316,1.335,82.598,100.0,78.4405687613972,69243626028.5936,,131.907592773438,2.687,20.6464381116167,4.14007362090085
CIV,2333.37128301259,6.39988362720531,5.23352856100843,2.31,30395002,2.51622934953513,32.5,7.816,61.562,4.349,38.4133,72.0,52.8492549676673,70922824813.9102,,54.0714108290486,0.162,23.0445423474416,16.5843332097616
HRV,18465.5414420364,7.29445343642668,10.7805806758686,6.811,3855641,-0.603521952188318,8.8,14.8,77.5756097560976,1.53,82.0716,100.0,56.9977571733605,71196498671.1145,,105.577796936035,3.909,20.0657707482195,3.39322387924406
CUW,20057.1404747175,6.90599999999999,,,153321,-0.408112025783182,8.2,10.4,76.729,1.3,,100.0,91.4007684350799,,,,,,
CYP,33231.04296875,8.27372597293814,8.39548297993334,6.806,1331370,1.06174678712373,11.048,7.693,80.434,1.393,89.601,100.0,66.6694829407584,31218038929.0919,,104.005722045898,3.556,10.375046731535,1.186076126012
CZE,28282.2236715857,2.8471706583814,15.1001651468371,2.224,10672118,1.5709725672011,9.5,11.3,78.9292682926829,1.64,84.5401,100.0,72.6967638379524,301831228325.556,,102.935562133789,4.352,29.2185730464326,2.07634975500264
DNK,67781.0940939514,0.443832614908331,7.6965669988926,4.434,5903037,0.787502464739957,9.9,10.1,81.3048780487805,1.55,97.8601,100.0,88.3880239837703,,,,,,
DJI,3133.25779772463,5.16653702854374,5.17980847967061,26.272,1137096,1.40352932560807,21.032,7.544,65.54,2.653,63.2573,65.0,72.6109938538856,,,,,,
DMA,9323.66089490562,10.3968076616121,2.88490226829353,,66826,-0.561078261856387,11.146,12.908,71.081,1.482,83.3101,100.0,72.682648635692,,,,,,
DOM,10104.2449349081,5.23795652902595,8.81109209279587,5.504,11230734,0.959629735113671,18.255,5.899,74.211,2.267,81.5127,98.1,72.4203155643711,113478087134.8,93.7022375646963,76.5283197247412,2.234,30.8255427451738,4.15371984188711
ECU,6515.58528418336,5.86842354862311,3.46616972213077,3.713,17823897,0.796723652034201,15.423,5.363,76.577,1.861,69.7181,100.0,63.0901835932266,116133121000.0,96.2600021362305,94.1335305764161,,29.5835905417542,7.39303992355462
EGY,4233.30783744856,6.58784560886967,13.8956609775178,6.546,112618250,1.48609697540294,21.091,5.675,71.01,2.75,72.1981,100.0,42.6325129008032,,,,,,
SLV,5074.60210221806,2.95461516549889,7.19861615609867,2.999,6280319,0.39146192798287,15.92,7.459,71.969,1.785,65.5298,100.0,74.1465021298679,31870120000.0,89.3518526572018,65.2267824913058,1.566,23.7319470400488,4.55875283808156
GNQ,7589.29964909381,3.22350831658598,4.78671704710803,8.334,1803545,2.5130374213272,30.123,8.015,63.355,4.17,59.3433,67.0,70.8910029445467,,,,,,
EST,28340.3826549406,-1.22616966587796,19.3982634080616,5.571,1348840,1.33655151148286,8.6,12.8,77.8439024390244,1.41,91.5202,100.0,70.4892333736738,38226641740.29,,112.551849365234,3.469,23.0907684533786,2.44640859997873
SWZ,3894.1620089869,0.386070835562705,,36.472,1218917,1.01620740015869,24.611,8.1,63.028,2.801,57.465,82.3,25.396682918542,4746660273.50829,90.75,88.2913589477539,0.561,34.6863783098992,7.57116956723157
ETH,982.103161506992,5.32175988403378,33.8898797100898,3.386,125384287,2.62269500936104,32.413,6.093,66.897,4.082,,55.4,22.7367687225342,123140304666.0,60.4599990844727,,0.105,22.7175269590867,37.6422268385035
FRO,67058.2022648126,3.86099981669155,,,53912,1.14918061925921,11.8,9.1,82.9439024390244,2.0713,,100.0,38.9959824546757,,,,,,
FJI,5414.12092119088,17.7451269773594,4.32011856243056,5.403,919422,0.295294727557318,18.242,9.299,67.148,2.305,78.2433,92.0,58.1352701465266,,,,,,
FIN,50440.560224974,0.763041912763526,7.12350773301402,6.719,5556106,0.271944526506117,8.1,11.4,81.1878048780488,1.32,92.9888,100.0,73.6967597835949,,,,,,
FRA,40988.6396406579,2.71676264185913,5.22236748369735,7.303,68184457,0.502320929337976,10.7,9.9,82.1292682926829,1.79,85.3333,100.0,78.7591921123356,2794788137066.94,,104.316436767578,3.281,15.769153788105,1.72017137018833
PYF,20053.9569369322,2.9373470716322,,11.793,280378,0.209222276724143,11.156,3.529,83.859,1.515,,100.0,61.6913806937112,,,,,,
GAB,8409.2074145028,3.03761449530657,4.23124798274579,20.319,2430747,2.24763901253797,28.3,6.519,67.713,3.712,70.7069,93.5,91.2243355459988,,,,,,
GMB,836.244875868476,5.49299823010114,11.5131198380505,6.067,2636470,2.31992109797091,30.771,6.635,64.859,4.078,44.0389,65.4,63.2869880996278,,,,,,
GEO,6729.84659930283,10.9585321385624,11.8981654203198,11.621,3712502,0.104889950638883,11.612,12.211,74.141,1.82,78.7113,100.0,60.0101622679115,24984568959.605,99.5699996948242,103.710205488304,5.538,21.329779714521,6.63235520175679
DEU,50506.5179638543,1.8092581243061,6.87257438551097,3.137,83177813,-0.0219565701848977,8.8,12.7,80.6080487804878,1.455,91.6298,100.0,81.7867852780995,4201021706478.62,,100.81729888916,4.534,25.560348825259,0.994638278032481
GHA,2229.89122647803,3.80484980952164,31.2558951049016,2.87,33149152,1.92029034344132,26.596,7.095,65.246,3.434,69.3607,85.1,57.250609602871,73919003209.9866,,77.8168696801948,0.143,31.470050505779,19.5136382027158
GRC,20886.5243087629,5.52198580589408,9.64525981280632,12.426,10436882,-1.25988945727074,7.3,13.4,80.7878048780488,1.32,83.1707,100.0,78.5502190980809,217990189600.69,,106.21671295166,6.576,16.7201143496111,3.78490731948212
GRL,55635.0006491223,2.00455580865604,,,56661,0.0141200557976914,13.2,9.3,71.5404878048781,1.818,,100.0,87.8049405256832,,,,,,
GRD,10469.3867012856,7.31023806981959,2.5805392590792,,116913,0.192636221230939,11.935,8.763,75.151,1.502,74.2689,94.2,36.3688840183487,,,,,,
GUM,41833.1517132825,5.09986426216793,,5.383,165180,0.881705873116992,18.008,6.736,77.102,2.819,,100.0,94.1068261842046,,,,,,
GTM,5358.70156997677,4.18451817243695,6.88512823344287,3.051,17847877,1.40623710213146,21.063,5.281,71.206,2.343,55.4086,99.1,55.2581228215265,95641446500.6523,83.0299987792969,45.8926232164663,,22.6306600546867,9.08210141828618
GIN,1416.59612011764,3.97240784200721,10.4930409984424,5.174,14055137,2.48250409145397,34.381,9.3,60.432,4.303,24.6954,47.7,37.2384967469106,,,,,,
GNB,883.199131457831,5.52987253058352,9.39075933985203,2.666,2105529,2.24235388639993,30.458,7.224,63.605,3.911,27.5672,37.4,45.1627159118652,1859601384.05928,63.9300003051758,,0.252,12.6807194794454,39.5759545452345
GUY,17913.4928066879,63.3346343654855,6.11505550109935,11.907,821637,0.751934221097092,20.748,7.309,69.888,2.437,78.3924,93.0,26.4536735068183,,,,,,
HTI,1760.62635668777,-1.68198396897978,33.98393194707,14.54,11503606,1.12789828650149,22.547,8.272,63.948,2.699,,49.3,53.8524949966907,,,,,,
HND,3003.28996826399,4.14356194013767,9.08963911525025,8.774,10463872,1.67679658023776,22.242,4.442,72.715,2.522,56.3896,94.4,57.8364689017254,31426041806.7985,88.2764147235016,53.8605804443359,,25.9084247689488,12.4732730244455
HKG,48825.8441873536,-3.68378414495199,1.88136707196853,4.318,7346100,-0.907914524343304,4.4,8.7,83.6609756097561,0.701,95.6136,100.0,100.0,,,,,,
HUN,18428.028825614,4.15238057779229,14.6081439492433,3.583,9605074,-0.268850150860009,9.3,14.2,75.8682926829268,1.56,89.1428,100.0,70.1585064243445,177002580544.155,,102.908576965332,3.456,24.2330845363481,3.14310033852095
ISL,76350.4550416502,8.82069395623492,8.3087551155892,3.789,382003,2.51377343254216,11.5,7.0,82.119512195122,1.589,99.8082,100.0,94.1787071228028,29166102877.2755,,112.589393615723,4.44,21.4503791547989,4.0879858932462
IND,2347.44829434623,7.60936497768895,6.69903414079852,4.822,1425423212,0.790200540609834,16.336,6.576,71.698,1.994,55.9,99.2,34.7555673994206,3346107287730.93,76.3199996948242,81.6558464317379,,25.3845195629461,16.5461295925754
IDN,4730.83484836107,5.30719722664799,4.20946463714784,3.462,278830529,0.746050469653246,16.204,7.492,70.925,2.149,66.4846,100.0,57.4934704226599,1319101183380.15,,97.8167602714893,0.681,41.4292641760979,12.3996501634108
IRN,4721.20437099984,4.35281087521344,43.4884641742179,9.085,89524246,1.20100285857304,13.314,4.897,76.799,1.704,79.061,100.0,76.3342208862305,,,,,,
IRQ,6520.73154560584,7.95904804992662,4.99476596381044,15.41,44070551,2.29369659225826,26.004,4.164,72.037,3.294,78.7156,100.0,69.8682861328125,,,,,,
IRL,105190.685952731,7.51113888415304,7.82945736434105,4.465,5212836,1.98101664069715,10.4,6.7,82.509756097561,1.54,96.6206,100.0,63.8920250215059,548341794599.09,,133.150497436523,3.362,40.756447602572,1.17281530326124
IMN,88328.548125887,-4.16539345213232,,,84132,0.0309085940239317,8.437,10.267,80.956,1.556,,100.0,52.1955609162662,,,,,,
ISR,54949.621556429,6.26326343841286,4.41162725488371,3.695,9557500,1.96636884788361,19.0,5.4,82.7,2.89,91.8508,100.0,91.4979834273327,525181008025.57,,96.5853729248047,3.686,19.4269429799466,1.1618336562619
ITA,35653.9042103495,4.82117669913565,8.20128991161718,8.069,59013667,-0.20230086688254,6.7,12.1,82.7,1.24,85.0607,100.0,69.4839779766539,2104067630319.46,,101.353858947754,4.191,23.2791441111799,1.89037175125669
JAM,6626.47502388538,6.43930323656186,10.3495688391272,4.083,2839144,0.0515076570013975,11.855,7.905,71.481,1.372,82.4453,100.0,57.9879906034775,,,,,,
JPN,34065.6438962526,0.941998775483285,2.49770278172255,2.614,125124989,-0.443851919148528,6.3,12.9,83.9963414634146,1.26,84.9234,100.0,91.9776532428406,4262463317796.53,,102.337966918945,2.649,27.7174374582966,0.921881300110971
JOR,4332.25159897931,2.64743514912058,4.22915568897117,18.2,11256263,1.70151702842564,20.922,3.163,77.088,2.679,90.5,100.0,92.4048379066163,48764963380.2817,,90.9912658899133,2.851,24.4882015845826,4.81784457116001
KAZ,11255.3396437881,3.19999999970734,15.0278644440851,4.86,20034609,1.46316879039749,20.819,6.992,73.503,3.05,92.2969,100.0,61.444157327248,225496328925.494,,94.0433413378673,3.719,34.9793974237581,5.24714480730074
KEN,2109.56288513137,4.85998104287999,7.65986268272224,5.565,54252461,1.92297608206469,27.342,7.212,63.549,3.262,,76.0,31.4307820066946,114448978152.637,,83.7738192286218,0.236,17.5274480968435,21.0361920649933
KIR,2069.7671726925,4.56632593100372,5.34595440908904,,130469,1.61644031663411,26.403,7.073,66.269,3.182,,94.4,60.5739126559419,,,,,,
KOR,34822.4048404971,2.72756456708991,5.08951365062842,2.857,51672569,-0.187486566698935,4.9,7.3,82.6804878048781,0.778,97.1686,100.0,81.1624941626873,1799363116866.52,,97.8181304931641,2.61,32.5112580507246,1.4483461547482
XKX,5290.95006509706,4.27849895827543,11.5805104542012,,1768096,-1.01194530149251,12.275,5.885,77.623,1.555,,,47.8001996538455,,,,,,
KWT,39981.7691035833,6.75866711966617,3.98064961990313,2.133,4589643,5.11318110910574,10.8489565017698,1.75198239171633,80.5878048780488,1.546,99.7237,100.0,100.0,,,,,,
KGZ,1739.72018344174,8.96750520041391,13.9229093174176,4.767,6975220,1.7936545985598,21.5,4.5,72.0487804878049,2.8,82.5991,99.7,34.7003053497743,,,,,,
LAO,2046.40440255621,2.70742652643155,22.9562225132056,1.209,7559007,1.40971670105791,21.693,6.265,68.715,2.455,62.7001,100.0,38.0682382805397,15468785203.7532,,56.8782044614964,0.331,34.1089797342112,14.8688822282276
LVA,20221.103686109,1.90853419029801,17.3102830198815,6.815,1879383,-0.271369577775699,8.5,16.4,74.2780487804878,1.47,91.0301,100.0,68.2570218109034,38003198508.9107,,104.764526367188,3.398,20.581400181885,5.11411038456871
LBN,3654.35845534878,-0.621678970663112,171.205491336641,11.105,5744489,0.460053063032864,16.372,5.769,78.003,2.263,82.798,100.0,90.206313713022,,,,,,
LSO,1030.12582947757,2.38778020186284,8.27180389943028,16.623,2286110,1.08048016923391,24.392,10.918,56.812,2.716,46.5007,50.0,41.6703965165322,,,,,,
LBR,744.617175237387,4.80810517290655,7.59298486560313,2.956,5373294,2.14388170425267,31.189,8.159,61.934,4.016,21.8966,31.8,54.4591057083,,,,,,
LBY,5986.63694851258,-8.29981811198795,4.51030149235703,19.238,7223805,1.23450447871795,17.537,4.808,74.462,2.402,88.6412,70.0,87.8486088593786,,,,,,
LIE,188055.003235348,,,,39493,0.790598334689517,9.2,7.1,84.1219512195122,1.47,96.4528,100.0,14.6923070071538,,,,,,
LTU,25085.784063499,2.53752574011534,19.7050461518394,5.955,2831639,0.824789131191284,7.8,15.1,75.6439024390244,1.27,87.7242,100.0,68.2866452426813,71033884499.7824,,106.918357849121,4.466,25.6398695886222,3.9279382912554
LUX,123719.658915996,-1.0974168968152,6.33600807777919,4.588,653103,2.01666790212729,9.9,6.8,82.9463414634147,1.31,98.242,100.0,94.7605400940185,,,,,,
MAC,36806.891255461,-18.956941494497,1.04502802369954,2.446,677300,-0.764822083825685,6.4,4.4,83.0804878048781,0.68,87.9696,100.0,100.0,,,,,,
MDG,503.51453347296,4.15609778386296,8.16059031991844,3.186,30437261,2.48207836172625,32.498,7.728,63.068,4.036,18.5532,36.1,31.5397813465886,,,,,,
MWI,604.269740360317,0.921115069005936,20.953969729969,5.02,20568728,2.567947782963,31.738,5.803,66.037,3.72,17.0457,14.0,16.7146031979436,12429059928.102,,35.5084899925617,0.054,16.9073435383995,27.5975518762201
MYS,11754.5678336248,9.03173723044451,3.37869862549928,3.93,34695493,1.1977720012836,12.394,5.547,75.444,1.55,97.3986,100.0,75.9741357073003,407830525989.553,95.7699966430664,78.8341986282999,2.29,38.974240550053,8.96184922741417
MDV,11786.0191492983,13.8260895184139,2.33314337624567,4.303,524106,1.528878337276,11.396,2.329,80.76,1.583,83.9119,100.0,41.0641769690663,,,,,,
MLI,976.914116406452,3.70319027595568,9.62147608489064,2.387,23072640,3.00942592606239,40.345,8.859,60.035,5.692,34.3797,53.0,30.4015705681899,,,,,,
MLT,35638.8869457406,2.48309993837792,6.15375621933037,3.471,531113,2.47100289980875,8.1,8.0,82.4487804878049,1.08,91.5406,100.0,95.6003155132879,18928276162.4131,,102.695037841797,4.513,11.2986859561477,0.839345917125421
MHL,6455.66062185762,-0.700563926576777,,,40077,-3.16808578519291,21.989,6.862,66.725,2.936,64.8023,100.0,77.9855966195187,,,,,,
MRT,1960.35240077424,6.79600500489967,9.52526628622843,10.52,4875637,2.92956466448208,34.844,5.627,68.281,4.77,34.3001,49.0,58.8120996197226,,,,,,
MUS,10246.5017455553,8.69306675264066,10.7737512242899,6.322,1262523,-0.301401216835277,9.6,10.2,73.5146341463415,1.32,75.5,100.0,39.0000125885784,,,,,,
MEX,11405.7940473759,3.70975709163623,7.8962761916855,3.256,128613117,0.753116988604166,16.041,6.521,73.973,1.94,78.6322,100.0,79.199683215791,1466934724293.06,95.8486603965766,98.3576583862305,2.588,33.1638305245733,3.89806570970786
FSM,3710.12451611752,-2.90588999868474,5.40874375479067,,112114,0.438013018270765,22.509,7.613,66.961,2.785,,85.3,22.4122701819053,,,,,,
MDA,5744.29618434435,-4.6000000255323,28.7372976766235,0.909,2528654,-2.62110760462091,10.545,13.07,71.546,1.694,76.7412,100.0,42.4048843383789,14525337523.7271,,97.6136725974109,4.145,19.0908218110745,8.11428000058421
MCO,226052.001905201,11.2662955198601,,,38931,1.04315542231896,8.687,23.496,85.746,2.114,99.1497,100.0,100.0,,,,,,
MNG,4993.51487463495,5.0327096366527,15.1509728200805,5.954,3433748,1.46704738017187,19.5,5.6,71.9007317073171,2.7,82.1725,100.0,69.783805847168,17146471713.748,98.7300033569336,93.5508272676123,4.13,35.3122175669446,13.0278534035361
MNE,10024.5435616209,7.73954689516201,13.0403036347004,14.851,623591,-0.234174139002603,11.3,11.3,76.1878048780488,1.8,88.2219,100.0,65.4012965440866,6251215144.13471,,92.1609725952148,2.808,13.4328345905852,3.99672766573405
MAR,3463.1376953125,1.81269242194809,6.65704202759067,9.413,37329064,1.00863622672701,17.035,5.572,75.161,2.256,89.9,100.0,62.5118468550703,,,,,,
MOZ,578.251663751351,4.36445074432608,10.2794018093421,6.789,32656246,2.9473431712575,37.99,7.255,63.011,4.84,18.7913,33.2,35.0536638047945,18883528581.3734,61.6778205151772,,0.175,23.2425949902892,25.6392221082741
MMR,1158.05005055976,4.0374934360085,,3.063,53756787,0.690074759264932,16.912,9.18,66.506,2.131,58.0112,73.6,30.311095757938,,,,,,
NAM,4349.79908493314,5.3987247803654,6.08128114112413,19.615,2889662,2.77600581415178,26.343,7.471,64.19,3.248,61.1485,56.2,49.5291037671807,12569449123.3661,,81.8163691171532,0.553,27.11172557706,8.75889366457648
NRU,12911.9086441381,2.87769784172609,,,11801,0.782649677702407,26.613,7.472,61.93,3.379,,100.0,100.0,,,,,,
NPL,1385.91066274851,5.6313145568451,7.6702057938028,10.661,29715436,0.81238557412485,19.643,6.888,70.087,2.002,53.8878,91.3,66.2992968721053,,,,,,
NLD,59123.318556487,5.00723455159611,10.0012078753473,3.526,17700982,0.953278922854537,9.5,9.6,81.6146341463415,1.49,92.5197,100.0,94.9856177734136,1046540797548.64,,138.767501831055,3.876,18.6563965305589,1.64194723390554
NCL,33516.363085906,3.50000000000006,,10.71,287123,0.66709196832953,14.498,6.8,77.698,1.998,,100.0,67.5720305021282,,,,,,
NZL,49099.7090423358,3.49638686458842,7.17222476016441,3.299,5081700,-0.0570512394609476,11.49,7.53,81.9585365853658,1.66,96.1942,100.0,83.8547305017812,249509991440.438,,114.774932861328,3.611,19.6044449752619,4.56898326146121
NIC,2322.89053964583,3.55029945613975,10.4674244465991,4.969,6730654,1.28466010240759,19.695,4.691,74.463,2.24,49.1307,86.5,58.9954376220703,,,,,,
NER,609.745147574878,11.9000000000277,4.22621791916392,0.403,25311973,3.25170642220024,41.95,9.173,60.398,6.135,23.2982,19.5,17.477207007512,15433852712.2963,35.6100006103516,,0.028,18.8885125171682,41.3505163572647
NGA,2899.16047470324,4.31882949523192,18.8471877843274,3.827,223150896,2.09281687128387,33.192,11.953,54.079,4.552,37.6975,60.5,61.3727650622225,,,,,,
MKD,7606.2375253797,2.75888415332967,14.2047173195833,14.476,1831712,-0.294481335654044,9.9,12.3,74.4248780487805,1.6,85.008,100.0,61.9530566607267,13932436550.0883,,91.4516372680664,2.944,23.0244680694634,7.27988785468163
MNP,23785.754590043,16.6427546628408,,,46078,-1.93650806828242,13.807,4.505,78.531,2.388,,100.0,91.8785788645608,,,,,,
NOR,109269.520580298,3.24622860260932,5.76412317852272,3.231,5457127,0.898395220610608,9.4,8.4,82.509756097561,1.41,99.0,100.0,82.9563661816034,596297651035.798,,119.442527770996,4.908,49.1288971298146,1.63442443229044
OMN,23223.5829405935,7.98570728354278,2.5061425061425,3.3,4730226,4.98013669293962,16.353,2.13,77.911,2.449,95.2453,100.0,80.0117053152301,109852795838.752,97.3399963378906,91.9645458184777,1.992,59.4852077730217,2.10827114663434
PAK,1538.3228133171,4.7781068690358,19.8738599646655,5.291,243700667,1.74799739792983,28.13,6.513,67.417,3.662,24.2103,95.0,38.3740439760816,,,,,,
PLW,13729.7602761496,1.51267904038146,12.3526638378124,,17759,-0.135051508906549,11.115,11.502,68.922,1.927,,100.0,79.1134831712956,243826812.744141,,89.0526315789474,2.472,12.3983166863106,3.35351872913646
PAN,17378.6070017557,11.0385475261766,2.85965128834711,8.086,4400773,1.26612423517538,16.239,4.751,79.324,2.139,77.7041,95.0,65.8211343914956,,,,,,
PNG,3102.28968594061,5.70758404238197,5.25323922215241,2.689,10203169,1.88244961375761,25.16,6.846,65.274,3.165,23.7315,19.0,14.7358658260841,,,,,,
PRY,6205.62595379319,0.176038366149214,9.76556667164402,6.755,6760464,1.13476871860664,20.356,6.359,72.319,2.444,76.2592,100.0,68.6396537819458,41952910858.0846,,82.3071472143291,3.893,34.2539657600776,10.8974804512645
PER,7350.63034300417,2.8090335533015,8.33370630096231,4.291,33475438,0.959183909355287,16.183,6.389,76.834,2.004,74.675,96.2,84.3663554951194,246065570308.155,,103.591468811035,1.649,34.9314299156729,7.17416229206978
PHL,3548.06930572116,7.58098212785563,5.82115811213955,2.598,113964338,0.760479216015364,16.057,6.266,69.472,1.929,75.2111,94.8,54.7902343568327,,,,,,
POL,18891.2121169279,5.25545697386036,14.4294507575758,2.811,36821749,-0.433070695882457,8.3,12.2,77.1560975609756,1.29,86.9411,100.0,59.8315488048321,695607470875.276,,108.48217010498,3.424,29.1814824967348,2.80606930357805
PRT,24620.5197587181,6.98584137580278,7.83269124233323,6.138,10434332,0.697256448023043,8.0,11.9,81.6317073170732,1.43,84.4969,100.0,61.1259255772782,256898677175.024,,120.926139831543,5.851,18.4032428555898,1.90543676193935
PRI,35353.6821570014,2.95709565499587,,6.0,3220137,-1.31345396519316,5.9,11.0,79.427,0.914,87.2918,100.0,94.1110923054937,,,,,,
QAT,88701.4689763536,4.18497018544697,4.99527553740761,0.13,2657333,5.90701824957099,10.099,0.932,81.857,1.739,99.6528,100.0,99.243997525719,,,,,,
ROU,15503.551804598,4.18771305104109,13.7954887432521,5.614,19048502,-0.385412679960785,9.4,14.3,75.1536585365854,1.71,85.5031,100.0,52.1634832477272,295319437556.988,,83.0334701538086,3.625,27.5991771762168,3.8180329334627
RUS,15619.6142578125,-1.43588213859842,13.7436797398232,3.867,144236933,-0.352843110363082,8.9,12.9,72.5456097560976,1.416,90.418,100.0,74.8544893625017,2291612121334.64,,92.7729443625069,5.111,32.2301435685138,3.42029353612808
RWA,975.469323735369,8.16120720872912,17.6892095588153,15.084,13651030,2.19046619232976,28.859,5.993,67.528,3.778,31.2252,50.6,27.7806702737761,13316161002.3912,78.7600021362305,44.1547093958443,0.09,21.2695312277805,24.886975847496
WSM,4132.44717734444,2.26705055249026,10.9618822286844,5.048,215261,0.690847424147793,26.101,6.181,71.55,3.883,57.3288,98.3,17.5007949951039,,,,,,
SMR,54190.8417700372,7.89844145767604,5.32545321311365,,33755,-1.46164026701119,6.1,7.8,85.708,1.136,85.0607,100.0,97.1141889380465,1829211863.9476,99.9100036621094,61.6779239246356,4.663,37.5952017777331,0.0114889167333267
STP,2389.73729784737,0.168698492216564,18.0056351122841,8.964,226305,1.93819561963228,28.277,5.732,69.237,3.695,61.5535,78.0,68.3720919798341,,,,,,
SAU,38510.2276211037,12.0005874752929,2.47407371925372,5.589,32175224,4.41891994509507,15.217,2.57,77.31,2.14,100.0,100.0,84.1349430023993,1239075200000.0,,122.158039993668,3.482,53.1237705884733,2.21479159080364
SEN,1574.0281059306,3.85043193735768,9.69681899081073,2.837,17651103,2.46764281803509,29.46,5.92,67.788,3.864,59.2246,67.9,53.4435061024348,27783332222.6759,,45.3756792066535,0.124,24.8999790711237,16.3333231968406
SRB,10024.8191112596,2.70347705543654,11.9815117344703,8.439,6664449,-2.5170575672922,9.3,16.3,75.2365853658537,1.59,83.5383,100.0,61.9013813540396,66809895701.2152,99.3399963378906,91.9540023803711,3.099,25.2215655826672,5.33794223775032
SYC,16836.6721895387,12.7104688902836,2.6260363285129,,119878,,13.1,7.8,73.7024390243903,2.01,87.0353,100.0,44.9108209981157,2018346588.73752,,76.8818747010999,6.598,11.9787643383367,2.43560145251469
SLE,860.371067916096,5.3135546141915,27.2082883814653,3.137,8276807,2.22598462352813,31.071,8.523,61.275,3.876,19.2287,29.4,44.2666343543487,,,,,,
SGP,90299.0694637269,4.10800021897151,6.13095418919732,3.591,5637022,3.30862052439523,7.9,6.3,82.8951219512195,1.04,95.9539,100.0,100.0,509017841146.557,,103.009804103267,2.834,23.84052179209,0.0259773163736464
SXM,37793.1284399157,13.9,,,42139,1.35708688873829,9.198,7.981,76.18,1.453,,100.0,100.0,,,,,,
SVK,21317.7943982363,0.544591632137454,12.7741463637611,6.143,5431752,-0.284860959688394,9.7,11.0,76.9658536585366,1.57,89.0677,100.0,53.1902831072528,115792972358.209,,92.2043075561523,3.697,26.5461918036068,1.930396226685
SVN,28360.3041467268,2.66850555542486,8.83369886749452,4.011,2112076,0.189424378732817,8.3,10.6,81.2829268292683,1.55,88.9125,100.0,55.3377817873563,59899117741.0022,,107.874809265137,3.367,27.991167622233,1.62480238565618
SLB,1877.78104490956,-2.58448361755723,5.51812928576938,1.475,781066,2.39378076885188,27.283,5.194,70.409,3.62,42.094,76.0,29.3511689856806,,,,,,
SOM,573.141165798229,2.71821202053759,,19.112,17801897,3.0251275475745,43.789,12.812,53.931,6.255,27.6,48.9,53.5010115886789,,,,,,
ZAF,6534.24867783397,2.05813661692193,7.03987272546482,33.268,62378410,1.41397227960081,19.079,9.402,65.454,2.227,75.4556,86.5,63.4766699210327,407596043067.885,,104.535066506498,0.794,24.9820287872223,2.60577484985618
ESP,30319.4987196616,6.37031712129601,8.39057634118627,13.033,47786102,0.718854879160094,6.9,9.7,83.1341463414634,1.16,94.4855,100.0,79.9548794567814,1448850658406.62,,119.015510559082,4.294,21.2234793725829,2.36964000049424
LKA,3342.63650253855,-7.34919301306745,49.7211021114327,4.528,22181000,0.112772639779474,12.4,8.1,77.3,1.984,48.3,100.0,19.9877933196367,74143020262.8076,92.4899978637695,88.1918156520303,,29.8058315790625,8.44795287007937
KNA,21011.5744209816,10.4804941546807,2.66817533111249,,46709,-0.11554263524381,11.958,11.658,70.313,1.512,75.5566,100.0,31.6156404983167,,,,,,
LCA,13103.8243147472,20.3884431828414,6.37814695133351,15.934,178781,0.144975018605125,11.417,8.455,72.67,1.387,65.3544,100.0,29.097678526676,,,,,,
VCT,9693.55867833025,3.1108330034352,5.66009779226552,19.277,102046,-0.776041417794061,12.393,11.45,71.191,1.791,71.7226,100.0,47.585897833353,,,,,,
SDN,1046.24084472656,-0.957816591119183,138.80846024176,7.53,49383346,2.70189520043666,33.535,6.522,65.695,4.384,,63.2,34.7209852053086,,,,,,
SUR,6084.43876736445,2.40622235601218,52.446027276241,7.973,623164,0.848956801428746,17.47,6.687,73.254,2.274,77.6494,99.0,65.8985443115234,,,,,,
SWE,54836.8907235124,1.25543620445816,8.36929098869189,7.417,10486941,0.68058286829853,10.0,9.0,83.0585365853659,1.53,95.0097,100.0,88.4038576504809,,,,,,
CHE,94394.5106803525,3.04406102969423,2.83502798644463,4.122,8777088,0.829927183900371,9.4,8.5,83.6048780487805,1.39,96.4528,100.0,84.9206266284521,828508926958.393,,103.392356872559,4.477,24.5433816560689,0.616379798814859
SYR,1051.67149587463,0.732781301861365,,13.245,22462173,3.78051313340953,21.234,4.773,72.79,2.746,,89.0,72.6124992370605,,,,,,
TJK,1052.17949484894,8.00000033846364,,7.051,10182222,2.13728529423458,27.043,4.618,71.562,3.127,53.1078,100.0,26.1957126615618,10713525200.3998,,90.888637681585,1.939,34.702580856427,22.9348537040845
TZA,1207.52062988281,4.56600576430955,4.35027204269101,1.573,64711821,2.95046658393064,35.637,5.844,66.879,4.671,22.101,45.8,34.8234736377147,75749121842.9149,78.2099990844727,,0.134,27.6848111756783,24.2569694569552
THA,6909.35281815827,2.58037874709827,-1.61068030486688,0.94,71735329,0.0111485454856964,8.38,9.231,75.291,1.221,87.9772,99.9,59.742374420166,495644697587.661,91.0999984741211,88.0661686868399,,35.1217577031461,8.71945138441444
TLS,2343.24954740187,-20.5224785561874,7.00530945399787,1.537,1369295,1.40884587356384,22.424,7.362,67.368,2.801,34.5102,99.7,28.5857292288968,,,,,,
TGO,951.232378690387,6.29443692019429,7.96757361617945,1.965,9089738,2.35270895960531,31.535,7.872,62.29,4.253,35.5105,57.2,42.7332327975627,8646453099.4124,72.5999984741211,,0.08,21.2257076314374,21.2198485197121
TON,5298.01941509951,-2.12854452405193,10.9713652903022,2.002,105042,-0.425589151486705,23.35,6.476,72.635,3.171,57.7181,100.0,21.147219451842,,,,,,
TTO,20750.5202434652,0.86126082651883,5.82838638517959,4.383,1365805,-0.128266918103601,10.987,8.225,73.331,1.544,84.4957,100.0,53.9474037904998,,,,,,
TUN,3707.29283414381,2.75228761004381,8.30646124447623,15.3,12119334,0.585173208533683,14.124,6.159,76.05,1.847,70.5532,100.0,69.707138648303,,,,,,
TUR,10897.8397861365,5.44122511322401,72.3088359891207,10.465,84979913,0.984586244469359,12.2,5.9,77.591,1.63,83.4372,100.0,89.0381164550781,926097476913.818,,116.040176391602,2.236,30.890102398727,6.69360961922604
TKM,5837.84224538947,6.19999993621698,,4.017,7230193,1.92922787802207,22.635,5.787,69.913,2.728,,100.0,47.0592103414926,42208726137.7192,99.9000015258789,92.451789855957,1.916,40.4477669790021,10.9344870689238
TCA,31280.5418020808,14.0871234168153,,,45847,1.32618037626777,10.981,7.372,77.918,1.477,,99.9,93.6922471653237,,,,,,
TUV,5911.32727055301,0.677309361438304,,,9992,-2.00145390945735,24.084,9.066,66.852,3.244,73.5846,100.0,63.3065768081154,,,,,,
UGA,963.067314117178,4.58802192181773,7.1957888597581,2.885,47312719,3.00759449042677,35.8,5.035,67.675,4.388,11.1246,47.1,29.9251969709665,,,,,,
UKR,4199.6708984375,-28.7585842155085,20.1836366617478,,41048766,-7.61932022603164,5.679,14.188,72.658,0.897,82.6753,100.0,69.42345912103,,,,,,
ARE,50759.7589231191,7.51448425801082,5.29122604376849,2.872,10074977,5.08834153373914,9.295,1.18,80.487,1.148,100.0,100.0,85.5147347682487,511403403675.97,98.2900009155273,102.380981445312,2.915,49.3332992568668,0.740896924545652
GBR,47057.043229179,5.14970388522993,7.92204883147902,3.768,67604000,0.921336799385098,10.1,9.512,81.0112195121951,1.56,96.2989,100.0,83.0753982997505,3181244350465.41,,113.257041931152,3.143,16.8198596717719,0.681106058275464
USA,76657.2488844403,2.51237531986017,8.00279982052121,3.65,334017321,0.575744520494521,11.0,9.8,77.4341463414634,1.6565,92.2016,100.0,80.0324978239707,,,,,,
URY,20818.6146091144,4.48622703072073,9.10437983075437,7.877,3390913,-0.170369337727093,9.958,10.832,76.468,1.425,89.873,100.0,95.4977416992188,70594110920.0358,98.8499984741211,121.137930191204,4.674,17.7086542108617,6.91840277577074
UZB,2578.66689394219,6.00134232203442,11.4466436998836,4.456,34938955,2.00999064709715,26.524,6.048,72.147,3.396,83.9,100.0,50.9847412109375,90095926567.4359,100.0,97.3779819618405,,31.4813507507112,20.9737716891415
VUT,3370.21191956953,5.18622862422562,6.67930581887121,5.077,313046,2.31965082626492,28.673,5.167,71.302,3.647,45.6747,71.6,22.2541249733107,,,,,,
VEN,3155.04207099687,8.00091310654791,,5.646,28213017,-0.087895947265923,15.025,7.347,72.566,2.088,,100.0,89.2132204732836,,,,,,
VNM,4147.69777213621,8.53750046755788,3.15650749963129,1.57,99680655,0.750756665157789,14.272,6.488,74.502,1.927,78.59,100.0,37.5478515625,413445230668.578,96.129997253418,93.4123434096522,,38.4823612398341,11.8802998302585
VIR,44320.909185774,-1.31123206333498,,12.092,105413,-0.432595819529278,11.6,8.8,80.319512195122,2.0,,100.0,95.2171514724412,,,,,,
PSE,3799.95527015163,4.08276027347105,3.74122391852077,24.42,5043612,2.42553777623863,27.575,2.992,76.662,3.375,88.6469,100.0,86.5961423216016,19165500000.0,97.8399963378906,90.1364802874113,,17.3927108606611,5.74521927421669
ZMB,1447.12310138035,5.21122360356247,10.9932039209136,5.993,20152938,2.76365042984169,33.542,5.583,65.279,4.175,15.0,47.8,44.5988511178469,29163782140.4858,79.9751431296375,,0.324,35.2838210182449,3.09401583407622
ZWE,2536.40050223076,6.13926327570213,104.705170628667,10.087,16069056,1.7062092862652,30.882,7.779,62.36,3.767,37.8861,50.1,38.7055207169041,,,,,,
CUB,,1.77465227724316,,1.829,11059820,-0.562151275082133,8.662,10.286,77.629,1.412,68.25,100.0,77.1056060791016,,,,,,
SSD,,,-6.68732094212668,12.475,11021177,1.42002025455897,29.066,9.906,57.203,3.964,,8.4,20.7752121046616,,,,,,
ERI,,,,6.033,3409447,1.75351368458045,28.675,6.319,67.789,3.786,18.7092,53.4,34.8469276428223,,,,,,
PRK,,,,3.457,26328845,0.366471008261931,13.149,9.484,73.641,1.797,,54.7,63.2274365906829,,,,,,
YEM,,,,17.224,38222876,2.87334358526139,35.407,5.232,67.952,4.593,,76.0,36.3226310308295,,,,,,
VGB,,,,,38319,1.33986872052852,8.416,5.908,77.177,1.025,,100.0,54.795911692548,,,,,,
GIB,,,,,37609,2.01706920456894,12.026,6.409,83.517,1.895,,100.0,100.0,,,,,,
MAF,,,,,28870,-3.70935422542636,17.326,9.021,80.236,2.763,,100.0,100.0,,,,,,
